{"_wandb":{"runtime":1323},"train_samples_per_second":21.757,"train_steps_per_second":1.813,"train_loss":0.5212147585550944,"eval/samples_per_second":69.996,"train/global_step":2400,"eval/runtime":10.2863,"train/learning_rate":3.3333333333333333e-06,"eval/steps_per_second":8.749,"_step":44,"train/loss":0.0826,"_timestamp":1.7399717454209864e+09,"train/grad_norm":0.12408583611249924,"_runtime":1322.690812445,"eval/loss":0.03577042371034622,"total_flos":1.1901990699885524e+18,"train/epoch":40,"train_runtime":1323.7339}