{"train/global_step":933,"_runtime":349.729311458,"train_samples_per_second":31.818,"train_runtime":350.8379,"train_loss":1.6271073810540595,"eval/steps_per_second":14.344,"eval/loss":1.4366117715835571,"total_flos":3.586213746418942e+17,"train_steps_per_second":2.659,"train/epoch":3,"train/loss":1.7346,"eval/samples_per_second":114.537,"_step":4,"eval/runtime":32.4873,"_timestamp":1.7400530892070677e+09,"_wandb":{"runtime":350},"train/grad_norm":3.9373960494995117,"train/learning_rate":9.281886387995713e-06}