{"_timestamp":1.73997029952849e+09,"train_samples_per_second":21.497,"eval/samples_per_second":68.041,"eval/steps_per_second":8.505,"eval/loss":0.45743653178215027,"train/learning_rate":3.3333333333333333e-06,"train_loss":1.081869487762451,"train/loss":0.8086,"train_steps_per_second":1.791,"eval/runtime":10.5819,"train_runtime":669.8694,"total_flos":5.951521966117092e+17,"_wandb":{"runtime":669},"train/epoch":20,"_runtime":668.871123908,"_step":22,"train/grad_norm":1.3637099266052246,"train/global_step":1200}