{"_runtime":335.704472938,"_wandb":{"runtime":336},"train/epoch":10,"eval/loss":1.3098658323287964,"train_loss":1.6583162689208983,"train/global_step":600,"_timestamp":1.7399728563393772e+09,"train/grad_norm":2.15377140045166,"train/loss":1.7109,"train/learning_rate":3.3333333333333333e-06,"total_flos":2.980596338927804e+17,"train_steps_per_second":1.782,"eval/samples_per_second":69.784,"_step":11,"eval/steps_per_second":8.723,"eval/runtime":10.3176,"train_samples_per_second":21.387,"train_runtime":336.6569}