{"_timestamp":1.7399683462854888e+09,"train/global_step":480,"eval/runtime":10.2498,"train/epoch":8,"_wandb":{"runtime":275},"eval/steps_per_second":8.781,"eval/loss":1.2227466106414795,"eval/samples_per_second":70.246,"_runtime":269.490685203,"_step":7}