{"train_loss":1.1109854430965234,"train/loss":0.8415,"_wandb":{"runtime":756},"train/grad_norm":16.954710006713867,"train_steps_per_second":2.157,"eval/steps_per_second":15.296,"eval/loss":0.693481981754303,"eval/samples_per_second":122.14,"train_runtime":756.2358,"eval/runtime":30.465,"_runtime":755.273632991,"train/epoch":7,"train/global_step":1631,"_timestamp":1.740059325583374e+09,"total_flos":8.355704014935432e+17,"train_samples_per_second":34.443,"train/learning_rate":1.6063764561618639e-06,"_step":10}