{"train/learning_rate":2.1428571428571427e-06,"train_steps_per_second":1.357,"train_runtime":1650.8111,"train/grad_norm":9.832388877868652,"train/global_step":2240,"_runtime":1649.782349585,"eval/steps_per_second":4.923,"_timestamp":1.7409374303697202e+09,"eval/samples_per_second":39.383,"_step":12,"_wandb":{"runtime":1650},"train/loss":0.6214,"train_loss":0.9389084202902658,"train/epoch":8,"train_samples_per_second":21.643,"eval/runtime":37.783,"total_flos":1.16175742229466e+18,"eval/loss":0.7291585206985474}