{"train/loss":0.6139,"eval/samples_per_second":41.785,"train_loss":0.9846654946463449,"train_steps_per_second":1.485,"_step":15,"train/learning_rate":2.1428571428571427e-06,"train/grad_norm":4.045661926269531,"_timestamp":1.7409435629827163e+09,"total_flos":1.4511495177914742e+18,"train_samples_per_second":23.694,"_runtime":1883.89558186,"train/global_step":2800,"eval/loss":0.7871155142784119,"train_runtime":1884.8992,"eval/runtime":35.6106,"train/epoch":10,"eval/steps_per_second":5.223,"_wandb":{"runtime":1885}}