{"_timestamp":1.7400568749173791e+09,"eval/loss":1.150839924812317,"train/learning_rate":5.693848354792561e-06,"eval/steps_per_second":15.088,"train_samples_per_second":34.015,"_step":4,"train/epoch":3,"train/global_step":699,"_wandb":{"runtime":327},"_runtime":327.185352556,"train_runtime":328.18,"train_steps_per_second":2.13,"train/loss":1.4829,"total_flos":3.5751295830210643e+17,"eval/samples_per_second":120.474,"train_loss":1.4137766214569922,"train/grad_norm":4.385567665100098,"eval/runtime":30.8864}