{"train/grad_norm":6.241971969604492,"_timestamp":1.7399695159176798e+09,"train_runtime":504.164,"train_samples_per_second":21.422,"eval/samples_per_second":68.977,"_step":16,"train/loss":1.5375,"_runtime":503.213082632,"_wandb":{"runtime":503},"total_flos":4.464932070656615e+17,"train/global_step":900,"train_steps_per_second":1.785,"train_loss":1.2437740071614583,"train/epoch":15,"eval/loss":0.6810173988342285,"eval/runtime":10.4383,"train/learning_rate":8.888888888888888e-06,"eval/steps_per_second":8.622}