{"train/learning_rate":2.8326180257510733e-06,"train/global_step":2330,"_runtime":1078.610791504,"eval/loss":0.5892013907432556,"train_loss":1.0190451233172109,"train_samples_per_second":34.466,"_timestamp":1.7400609419503818e+09,"train/loss":0.72,"eval/steps_per_second":14.944,"train_steps_per_second":2.158,"total_flos":1.1940242584763156e+18,"train_runtime":1079.6103,"eval/samples_per_second":119.33,"eval/runtime":31.1824,"train/epoch":10,"_step":14,"_wandb":{"runtime":1079},"train/grad_norm":9.799205780029297}