{"train/loss":1.508,"train/epoch":2,"eval/steps_per_second":4.411,"train/global_step":560,"eval/runtime":42.1655,"_runtime":411.444538315,"eval/samples_per_second":35.29,"train/learning_rate":1.642857142857143e-05,"_wandb":{"runtime":583},"train/grad_norm":4.271155834197998,"_timestamp":1.7410335458213763e+09,"eval/loss":1.3218785524368286,"_step":2}