{"_step":11,"_runtime":338.54751541,"train_runtime":339.5127,"train/grad_norm":2.4875073432922363,"eval/steps_per_second":8.905,"_timestamp":1.739968897915943e+09,"eval/samples_per_second":71.244,"train/learning_rate":3.3333333333333333e-06,"train_steps_per_second":1.767,"train/loss":1.6139,"train_loss":1.554304733276367,"train_samples_per_second":21.207,"_wandb":{"runtime":339},"train/global_step":600,"train/epoch":10,"eval/runtime":10.1062,"total_flos":2.980596338927804e+17,"eval/loss":1.1488314867019653}