{"eval/steps_per_second":15.321,"train_steps_per_second":2.15,"train_runtime":541.7573,"train/loss":1.0313,"train/global_step":1165,"eval/loss":0.8431753516197205,"total_flos":5.968089278405508e+17,"_wandb":{"runtime":541},"_runtime":540.791730686,"train/grad_norm":7.441507339477539,"eval/runtime":30.4156,"_timestamp":1.7400581302804775e+09,"_step":7,"train/learning_rate":2.8326180257510733e-06,"train_loss":1.1931066030084831,"train_samples_per_second":34.342,"eval/samples_per_second":122.339,"train/epoch":5}