{"train/loss":1.6436,"_runtime":343.950358182,"train_samples_per_second":20.876,"train/grad_norm":3.432610034942627,"train/learning_rate":8.888888888888888e-06,"_wandb":{"runtime":344},"eval/loss":0.8625792860984802,"_step":11,"train_runtime":344.895,"train_steps_per_second":2.609,"eval/samples_per_second":68.249,"eval/steps_per_second":8.531,"total_flos":2.870201854199255e+17,"train/epoch":10,"train/global_step":900,"_timestamp":1.7399678534048412e+09,"train_loss":1.3779248046875,"eval/runtime":10.5496}