{"eval/loss":1.3090044260025024,"eval/steps_per_second":8.668,"train_loss":1.6581081136067708,"train/grad_norm":3.4973154067993164,"_runtime":214.620167754,"_timestamp":1.7399667534887004e+09,"train_samples_per_second":16.699,"eval/samples_per_second":69.344,"train/learning_rate":8.888888888888888e-06,"train/loss":1.8296,"eval/runtime":10.383,"train_steps_per_second":4.175,"_step":6,"train/epoch":5,"_wandb":{"runtime":215},"total_flos":1.3582729602736704e+17,"train/global_step":900,"train_runtime":215.5869}