{"eval/samples_per_second":35.932,"_timestamp":1.741065169536846e+09,"train_runtime":2039.4886,"total_flos":1.4571889454689774e+18,"_step":15,"train_loss":0.9333065741402762,"_wandb":{"runtime":2039},"train/epoch":10,"train/loss":0.6059,"train/grad_norm":5.963929653167725,"_runtime":2038.089971301,"train_samples_per_second":21.898,"train_steps_per_second":1.373,"eval/steps_per_second":4.491,"eval/runtime":41.4119,"train/learning_rate":2.1428571428571427e-06,"train/global_step":2800,"eval/loss":0.8637076616287231}