{"eval/loss":1.1900310516357422,"total_flos":3.248449467576552e+17,"eval/steps_per_second":15.152,"train/global_step":1863,"eval/samples_per_second":120.985,"train/learning_rate":3.89694041867955e-06,"_runtime":408.913141938,"train_steps_per_second":4.545,"eval/runtime":30.7558,"train/loss":1.3066,"train/epoch":3,"_timestamp":1.7400553278884294e+09,"_wandb":{"runtime":409},"train_loss":1.4057651259728932,"train_samples_per_second":27.233,"train/grad_norm":36.255714416503906,"_step":6,"train_runtime":409.9068}