{"train_loss":1.307470742418019,"eval/runtime":30.5925,"_step":7,"eval/loss":1.0225056409835815,"eval/steps_per_second":15.233,"train/grad_norm":14.143543243408203,"eval/samples_per_second":121.631,"train/global_step":1165,"train/epoch":5,"train/loss":1.1775,"train_samples_per_second":34.302,"_wandb":{"runtime":542},"train_steps_per_second":2.148,"train/learning_rate":2.8326180257510733e-06,"train_runtime":542.3892,"total_flos":5.968089278405508e+17,"_runtime":541.415144552,"_timestamp":1.7401396272646067e+09}