{"eval/loss":0.7721632122993469,"train/grad_norm":18.302278518676758,"eval/runtime":31.2797,"_runtime":874.440753162,"train/global_step":1864,"train_samples_per_second":34.003,"train/epoch":8,"_step":11,"train_steps_per_second":2.129,"total_flos":9.55142188434093e+17,"train/learning_rate":3.905579399141631e-06,"train_runtime":875.4577,"eval/steps_per_second":14.898,"eval/samples_per_second":118.959,"_timestamp":1.740138578794364e+09,"_wandb":{"runtime":875},"train_loss":1.0911933833437417,"train/loss":0.8912}