{"train_runtime":244.7873,"train_loss":1.6309017363048735,"_wandb":{"runtime":244},"_runtime":243.785927648,"_timestamp":1.739967279109794e+09,"train/learning_rate":4.126984126984127e-06,"_step":8,"train_samples_per_second":20.589,"eval/loss":1.272939920425415,"total_flos":2.0101614767559706e+17,"train_steps_per_second":2.574,"eval/samples_per_second":67.375,"train/epoch":7,"eval/runtime":10.6865,"train/global_step":630,"train/grad_norm":2.814035177230835,"eval/steps_per_second":8.422,"train/loss":1.7062}