{"total_flos":7.253994395966848e+17,"train/loss":1.2797,"train_loss":1.3266913495744979,"train/epoch":5,"train/grad_norm":3.8191633224487305,"train/global_step":1400,"train_runtime":591.4538,"eval/samples_per_second":116.078,"train/learning_rate":5.7142857142857145e-06,"train_samples_per_second":37.754,"_step":7,"_runtime":590.483051,"eval/steps_per_second":14.51,"train_steps_per_second":2.367,"_wandb":{"runtime":591},"_timestamp":1.7409351309300046e+09,"eval/loss":1.1397740840911865,"eval/runtime":12.819}